siteid,sitename,itemid,itemname,itemengname,itemunit,monitormonth,concentration
1,基隆,1,,SO2,ppb,202504,1.3
1,基隆,2,,CO,ppm,202504,0.3
1,基隆,3,,O3,ppb,202504,40
1,基隆,4,,PM10,μg/m3,202504,32
1,基隆,5,,NOx,ppb,202504,11.6
1,基隆,6,,NO,ppb,202504,1.6
1,基隆,7,,NO2,ppb,202504,9
1,基隆,8,,THC,ppm,202504,2.2
1,基隆,9,,NMHC,ppm,202504,0.06
1,基隆,10,,WIND_SPEED,m/sec,202504,1
1,基隆,14,,AMB_TEMP,℃,202504,22
1,基隆,31,,CH4,ppm,202504,2.13
1,基隆,33,,PM2.5,μg/m3,202504,13.6
1,基隆,38,,RH,%,202504,79
1,基隆,143,,WS_HR,m/sec,202504,0.6
2,汐止,1,,SO2,ppb,202504,0.9
2,汐止,2,,CO,ppm,202504,0.32
2,汐止,3,,O3,ppb,202504,34
2,汐止,4,,PM10,μg/m3,202504,36
2,汐止,5,,NOx,ppb,202504,20.1
2,汐止,6,,NO,ppb,202504,3.4
2,汐止,7,,NO2,ppb,202504,16
2,汐止,10,,WIND_SPEED,m/sec,202504,0.9
2,汐止,14,,AMB_TEMP,℃,202504,22.7
2,汐止,33,,PM2.5,μg/m3,202504,17
2,汐止,38,,RH,%,202504,80
2,汐止,143,,WS_HR,m/sec,202504,0.7
4,新店,1,,SO2,ppb,202504,0.7
4,新店,2,,CO,ppm,202504,0.3
4,新店,3,,O3,ppb,202504,41
4,新店,4,,PM10,μg/m3,202504,34
4,新店,5,,NOx,ppb,202504,12.2
4,新店,6,,NO,ppb,202504,1.2
4,新店,7,,NO2,ppb,202504,10
4,新店,10,,WIND_SPEED,m/sec,202504,1.5
4,新店,14,,AMB_TEMP,℃,202504,22.6
4,新店,33,,PM2.5,μg/m3,202504,15
4,新店,38,,RH,%,202504,76
4,新店,143,,WS_HR,m/sec,202504,1.3
5,土城,1,,SO2,ppb,202504,0.9
5,土城,2,,CO,ppm,202504,0.37
5,土城,3,,O3,ppb,202504,37
5,土城,4,,PM10,μg/m3,202504,40
5,土城,5,,NOx,ppb,202504,17.3
5,土城,6,,NO,ppb,202504,2.4
5,土城,7,,NO2,ppb,202504,14
5,土城,8,,THC,ppm,202504,2.16
5,土城,9,,NMHC,ppm,202504,0.11
5,土城,10,,WIND_SPEED,m/sec,202504,1.1
5,土城,14,,AMB_TEMP,℃,202504,23
5,土城,31,,CH4,ppm,202504,2.04
5,土城,33,,PM2.5,μg/m3,202504,19.4
5,土城,38,,RH,%,202504,77
5,土城,143,,WS_HR,m/sec,202504,0.6
6,板橋,1,,SO2,ppb,202504,1
6,板橋,2,,CO,ppm,202504,0.42
6,板橋,3,,O3,ppb,202504,39
6,板橋,4,,PM10,μg/m3,202504,38
6,板橋,5,,NOx,ppb,202504,19.2
6,板橋,6,,NO,ppb,202504,2
6,板橋,7,,NO2,ppb,202504,17
6,板橋,8,,THC,ppm,202504,2.24
6,板橋,9,,NMHC,ppm,202504,0.12
6,板橋,10,,WIND_SPEED,m/sec,202504,1.5
6,板橋,14,,AMB_TEMP,℃,202504,23.1
6,板橋,31,,CH4,ppm,202504,2.11
6,板橋,33,,PM2.5,μg/m3,202504,16
6,板橋,38,,RH,%,202504,73
6,板橋,143,,WS_HR,m/sec,202504,1.1
7,新莊,1,,SO2,ppb,202504,0.7
7,新莊,2,,CO,ppm,202504,0.36
7,新莊,3,,O3,ppb,202504,38
7,新莊,4,,PM10,μg/m3,202504,38
7,新莊,5,,NOx,ppb,202504,17.1
7,新莊,6,,NO,ppb,202504,2.1
7,新莊,7,,NO2,ppb,202504,14
7,新莊,10,,WIND_SPEED,m/sec,202504,2.1
7,新莊,14,,AMB_TEMP,℃,202504,22.5
7,新莊,33,,PM2.5,μg/m3,202504,17.4
7,新莊,38,,RH,%,202504,78
7,新莊,143,,WS_HR,m/sec,202504,1.8
8,菜寮,1,,SO2,ppb,202504,0.9
8,菜寮,2,,CO,ppm,202504,0.42
8,菜寮,3,,O3,ppb,202504,40
8,菜寮,4,,PM10,μg/m3,202504,39
8,菜寮,5,,NOx,ppb,202504,19.6
8,菜寮,6,,NO,ppb,202504,2.4
8,菜寮,7,,NO2,ppb,202504,17
8,菜寮,10,,WIND_SPEED,m/sec,202504,1.7
8,菜寮,14,,AMB_TEMP,℃,202504,23.6
8,菜寮,33,,PM2.5,μg/m3,202504,19.1
8,菜寮,38,,RH,%,202504,73
8,菜寮,143,,WS_HR,m/sec,202504,1.4
9,林口,1,,SO2,ppb,202504,1.1
9,林口,2,,CO,ppm,202504,0.28
9,林口,3,,O3,ppb,202504,44
9,林口,4,,PM10,μg/m3,202504,40
9,林口,5,,NOx,ppb,202504,15.2
9,林口,6,,NO,ppb,202504,2.3
9,林口,7,,NO2,ppb,202504,12
9,林口,10,,WIND_SPEED,m/sec,202504,2.3
9,林口,14,,AMB_TEMP,℃,202504,20.1
9,林口,33,,PM2.5,μg/m3,202504,17.3
9,林口,38,,RH,%,202504,80
9,林口,143,,WS_HR,m/sec,202504,2.1
10,淡水,1,,SO2,ppb,202504,0.8
10,淡水,2,,CO,ppm,202504,0.33
10,淡水,3,,O3,ppb,202504,41
10,淡水,4,,PM10,μg/m3,202504,42
10,淡水,5,,NOx,ppb,202504,11.7
10,淡水,6,,NO,ppb,202504,1.6
10,淡水,7,,NO2,ppb,202504,10
10,淡水,10,,WIND_SPEED,m/sec,202504,1.9
10,淡水,14,,AMB_TEMP,℃,202504,21.6
10,淡水,33,,PM2.5,μg/m3,202504,17.3
10,淡水,38,,RH,%,202504,79
11,士林,1,,SO2,ppb,202504,0.8
11,士林,2,,CO,ppm,202504,0.3
11,士林,3,,O3,ppb,202504,43
11,士林,4,,PM10,μg/m3,202504,37
11,士林,5,,NOx,ppb,202504,13.4
11,士林,6,,NO,ppb,202504,1.4
11,士林,7,,NO2,ppb,202504,11
11,士林,10,,WIND_SPEED,m/sec,202504,1.3
11,士林,14,,AMB_TEMP,℃,202504,23.1
11,士林,33,,PM2.5,μg/m3,202504,15.3
11,士林,38,,RH,%,202504,74
11,士林,143,,WS_HR,m/sec,202504,0.9
12,中山,1,,SO2,ppb,202504,1
12,中山,2,,CO,ppm,202504,0.45
12,中山,3,,O3,ppb,202504,35
12,中山,4,,PM10,μg/m3,202504,41
12,中山,5,,NOx,ppb,202504,24.8
12,中山,6,,NO,ppb,202504,3.7
12,中山,7,,NO2,ppb,202504,21
12,中山,8,,THC,ppm,202504,2.23
12,中山,9,,NMHC,ppm,202504,0.11
12,中山,10,,WIND_SPEED,m/sec,202504,1.5
12,中山,14,,AMB_TEMP,℃,202504,23.2
12,中山,31,,CH4,ppm,202504,2.11
12,中山,33,,PM2.5,μg/m3,202504,18.1
12,中山,38,,RH,%,202504,65
12,中山,143,,WS_HR,m/sec,202504,1
13,萬華,1,,SO2,ppb,202504,0.8
13,萬華,2,,CO,ppm,202504,0.41
13,萬華,3,,O3,ppb,202504,37
13,萬華,4,,PM10,μg/m3,202504,38
13,萬華,5,,NOx,ppb,202504,20.9
13,萬華,6,,NO,ppb,202504,2
13,萬華,7,,NO2,ppb,202504,18
13,萬華,8,,THC,ppm,202504,2.29
13,萬華,9,,NMHC,ppm,202504,0.09
13,萬華,10,,WIND_SPEED,m/sec,202504,1.2
13,萬華,14,,AMB_TEMP,℃,202504,23.3
13,萬華,31,,CH4,ppm,202504,2.2
13,萬華,33,,PM2.5,μg/m3,202504,17.1
13,萬華,38,,RH,%,202504,73
13,萬華,143,,WS_HR,m/sec,202504,1
14,古亭,1,,SO2,ppb,202504,1
14,古亭,2,,CO,ppm,202504,0.33
14,古亭,3,,O3,ppb,202504,41
14,古亭,4,,PM10,μg/m3,202504,36
14,古亭,5,,NOx,ppb,202504,14.1
14,古亭,6,,NO,ppb,202504,1.4
14,古亭,7,,NO2,ppb,202504,12
14,古亭,8,,THC,ppm,202504,2.13
14,古亭,9,,NMHC,ppm,202504,0.07
14,古亭,10,,WIND_SPEED,m/sec,202504,1.2
14,古亭,14,,AMB_TEMP,℃,202504,23.2
14,古亭,31,,CH4,ppm,202504,2.06
14,古亭,33,,PM2.5,μg/m3,202504,17.1
14,古亭,38,,RH,%,202504,74
14,古亭,143,,WS_HR,m/sec,202504,0.9
15,松山,1,,SO2,ppb,202504,1.5
15,松山,2,,CO,ppm,202504,0.35
15,松山,3,,O3,ppb,202504,35
15,松山,4,,PM10,μg/m3,202504,38
15,松山,5,,NOx,ppb,202504,21.6
15,松山,6,,NO,ppb,202504,3.3
15,松山,7,,NO2,ppb,202504,18
15,松山,8,,THC,ppm,202504,2.17
15,松山,9,,NMHC,ppm,202504,0.09
15,松山,10,,WIND_SPEED,m/sec,202504,1.3
15,松山,14,,AMB_TEMP,℃,202504,23
15,松山,31,,CH4,ppm,202504,2.06
15,松山,33,,PM2.5,μg/m3,202504,19.3
15,松山,38,,RH,%,202504,76
15,松山,143,,WS_HR,m/sec,202504,1
16,大同,1,,SO2,ppb,202504,1.3
16,大同,2,,CO,ppm,202504,0.86
16,大同,3,,O3,ppb,202504,25
16,大同,4,,PM10,μg/m3,202504,44
16,大同,5,,NOx,ppb,202504,48.5
16,大同,6,,NO,ppb,202504,18.8
16,大同,7,,NO2,ppb,202504,29
16,大同,8,,THC,ppm,202504,2.47
16,大同,9,,NMHC,ppm,202504,0.23
16,大同,10,,WIND_SPEED,m/sec,202504,
16,大同,14,,AMB_TEMP,℃,202504,
16,大同,31,,CH4,ppm,202504,2.23
16,大同,33,,PM2.5,μg/m3,202504,22.5
16,大同,38,,RH,%,202504,72
16,大同,143,,WS_HR,m/sec,202504,
17,桃園,1,,SO2,ppb,202504,1.6
17,桃園,2,,CO,ppm,202504,0.38
17,桃園,3,,O3,ppb,202504,40
17,桃園,4,,PM10,μg/m3,202504,40
17,桃園,5,,NOx,ppb,202504,16.8
17,桃園,6,,NO,ppb,202504,1.6
17,桃園,7,,NO2,ppb,202504,15
17,桃園,8,,THC,ppm,202504,2.29
17,桃園,9,,NMHC,ppm,202504,0.13
17,桃園,10,,WIND_SPEED,m/sec,202504,1.6
17,桃園,14,,AMB_TEMP,℃,202504,22.6
17,桃園,31,,CH4,ppm,202504,2.16
17,桃園,33,,PM2.5,μg/m3,202504,19.2
17,桃園,38,,RH,%,202504,74
17,桃園,143,,WS_HR,m/sec,202504,1.3
18,大園,1,,SO2,ppb,202504,1.3
18,大園,2,,CO,ppm,202504,0.28
18,大園,3,,O3,ppb,202504,41
18,大園,4,,PM10,μg/m3,202504,45
18,大園,5,,NOx,ppb,202504,16.1
18,大園,6,,NO,ppb,202504,1.6
18,大園,7,,NO2,ppb,202504,14
18,大園,10,,WIND_SPEED,m/sec,202504,3
18,大園,14,,AMB_TEMP,℃,202504,22.3
18,大園,33,,PM2.5,μg/m3,202504,17.5
18,大園,38,,RH,%,202504,72
18,大園,143,,WS_HR,m/sec,202504,2.7
19,觀音,1,,SO2,ppb,202504,1
19,觀音,2,,CO,ppm,202504,0.23
19,觀音,3,,O3,ppb,202504,44
19,觀音,4,,PM10,μg/m3,202504,43
19,觀音,5,,NOx,ppb,202504,11
19,觀音,6,,NO,ppb,202504,1.1
19,觀音,7,,NO2,ppb,202504,9
19,觀音,10,,WIND_SPEED,m/sec,202504,2.9
19,觀音,14,,AMB_TEMP,℃,202504,22.4
19,觀音,33,,PM2.5,μg/m3,202504,20
19,觀音,38,,RH,%,202504,74
19,觀音,143,,WS_HR,m/sec,202504,2.7
20,平鎮,1,,SO2,ppb,202504,0.8
20,平鎮,2,,CO,ppm,202504,0.34
20,平鎮,3,,O3,ppb,202504,41
20,平鎮,4,,PM10,μg/m3,202504,42
20,平鎮,5,,NOx,ppb,202504,15.2
20,平鎮,6,,NO,ppb,202504,1.6
20,平鎮,7,,NO2,ppb,202504,13
20,平鎮,10,,WIND_SPEED,m/sec,202504,1.5
20,平鎮,14,,AMB_TEMP,℃,202504,22.9
20,平鎮,33,,PM2.5,μg/m3,202504,18.1
20,平鎮,38,,RH,%,202504,74
20,平鎮,143,,WS_HR,m/sec,202504,1.3
21,龍潭,1,,SO2,ppb,202504,1
21,龍潭,2,,CO,ppm,202504,0.28
21,龍潭,3,,O3,ppb,202504,41
21,龍潭,4,,PM10,μg/m3,202504,40
21,龍潭,5,,NOx,ppb,202504,11.8
21,龍潭,6,,NO,ppb,202504,1.2
21,龍潭,7,,NO2,ppb,202504,10
21,龍潭,10,,WIND_SPEED,m/sec,202504,2.2
21,龍潭,14,,AMB_TEMP,℃,202504,21.5
21,龍潭,33,,PM2.5,μg/m3,202504,17.7
21,龍潭,38,,RH,%,202504,81
21,龍潭,143,,WS_HR,m/sec,202504,2
22,湖口,1,,SO2,ppb,202504,1.1
22,湖口,2,,CO,ppm,202504,0.27
22,湖口,3,,O3,ppb,202504,43
22,湖口,4,,PM10,μg/m3,202504,42
22,湖口,5,,NOx,ppb,202504,10.8
22,湖口,6,,NO,ppb,202504,1.1
22,湖口,7,,NO2,ppb,202504,9
22,湖口,10,,WIND_SPEED,m/sec,202504,2.5
22,湖口,14,,AMB_TEMP,℃,202504,22.4
22,湖口,33,,PM2.5,μg/m3,202504,18.2
22,湖口,38,,RH,%,202504,74
22,湖口,143,,WS_HR,m/sec,202504,2.2
23,竹東,1,,SO2,ppb,202504,0.9
23,竹東,2,,CO,ppm,202504,0.26
23,竹東,3,,O3,ppb,202504,38
23,竹東,4,,PM10,μg/m3,202504,34
23,竹東,5,,NOx,ppb,202504,8
23,竹東,6,,NO,ppb,202504,0.9
23,竹東,7,,NO2,ppb,202504,6
23,竹東,10,,WIND_SPEED,m/sec,202504,1.5
23,竹東,14,,AMB_TEMP,℃,202504,22.6
23,竹東,33,,PM2.5,μg/m3,202504,16
23,竹東,38,,RH,%,202504,79
23,竹東,143,,WS_HR,m/sec,202504,1.1
24,新竹,1,,SO2,ppb,202504,1.2
24,新竹,2,,CO,ppm,202504,0.31
24,新竹,3,,O3,ppb,202504,42
24,新竹,4,,PM10,μg/m3,202504,38
24,新竹,5,,NOx,ppb,202504,12.4
24,新竹,6,,NO,ppb,202504,1.2
24,新竹,7,,NO2,ppb,202504,11
24,新竹,8,,THC,ppm,202504,2.19
24,新竹,9,,NMHC,ppm,202504,0.06
24,新竹,10,,WIND_SPEED,m/sec,202504,1.6
24,新竹,14,,AMB_TEMP,℃,202504,23
24,新竹,31,,CH4,ppm,202504,2.13
24,新竹,33,,PM2.5,μg/m3,202504,19
24,新竹,38,,RH,%,202504,75
24,新竹,143,,WS_HR,m/sec,202504,1.3
25,頭份,1,,SO2,ppb,202504,1.6
25,頭份,2,,CO,ppm,202504,0.28
25,頭份,3,,O3,ppb,202504,42
25,頭份,4,,PM10,μg/m3,202504,41
25,頭份,5,,NOx,ppb,202504,10.3
25,頭份,6,,NO,ppb,202504,1.7
25,頭份,7,,NO2,ppb,202504,8
25,頭份,8,,THC,ppm,202504,2.1
25,頭份,9,,NMHC,ppm,202504,0.03
25,頭份,10,,WIND_SPEED,m/sec,202504,2
25,頭份,14,,AMB_TEMP,℃,202504,23
25,頭份,31,,CH4,ppm,202504,2.06
25,頭份,33,,PM2.5,μg/m3,202504,18.3
25,頭份,38,,RH,%,202504,70
25,頭份,143,,WS_HR,m/sec,202504,1.7
26,苗栗,1,,SO2,ppb,202504,1.4
26,苗栗,2,,CO,ppm,202504,0.25
26,苗栗,3,,O3,ppb,202504,39
26,苗栗,4,,PM10,μg/m3,202504,36
26,苗栗,5,,NOx,ppb,202504,9.3
26,苗栗,6,,NO,ppb,202504,1.5
26,苗栗,7,,NO2,ppb,202504,7
26,苗栗,10,,WIND_SPEED,m/sec,202504,2.1
26,苗栗,14,,AMB_TEMP,℃,202504,22.9
26,苗栗,33,,PM2.5,μg/m3,202504,16.9
26,苗栗,38,,RH,%,202504,76
26,苗栗,143,,WS_HR,m/sec,202504,1.7
27,三義,1,,SO2,ppb,202504,1.1
27,三義,2,,CO,ppm,202504,0.25
27,三義,3,,O3,ppb,202504,40
27,三義,4,,PM10,μg/m3,202504,35
27,三義,5,,NOx,ppb,202504,6.1
27,三義,6,,NO,ppb,202504,1.4
27,三義,7,,NO2,ppb,202504,4
27,三義,10,,WIND_SPEED,m/sec,202504,2.5
27,三義,14,,AMB_TEMP,℃,202504,21.5
27,三義,33,,PM2.5,μg/m3,202504,16.5
27,三義,38,,RH,%,202504,75
27,三義,143,,WS_HR,m/sec,202504,2.3
28,豐原,1,,SO2,ppb,202504,1.4
28,豐原,2,,CO,ppm,202504,0.28
28,豐原,3,,O3,ppb,202504,39
28,豐原,4,,PM10,μg/m3,202504,35
28,豐原,5,,NOx,ppb,202504,8.4
28,豐原,6,,NO,ppb,202504,1.2
28,豐原,7,,NO2,ppb,202504,7
28,豐原,8,,THC,ppm,202504,2.09
28,豐原,9,,NMHC,ppm,202504,0.08
28,豐原,10,,WIND_SPEED,m/sec,202504,2.1
28,豐原,14,,AMB_TEMP,℃,202504,22.9
28,豐原,31,,CH4,ppm,202504,2
28,豐原,33,,PM2.5,μg/m3,202504,18.8
28,豐原,38,,RH,%,202504,72
28,豐原,143,,WS_HR,m/sec,202504,1.8
29,沙鹿,1,,SO2,ppb,202504,1.7
29,沙鹿,2,,CO,ppm,202504,0.28
29,沙鹿,3,,O3,ppb,202504,32
29,沙鹿,4,,PM10,μg/m3,202504,46
29,沙鹿,5,,NOx,ppb,202504,12.1
29,沙鹿,6,,NO,ppb,202504,1.3
29,沙鹿,7,,NO2,ppb,202504,10
29,沙鹿,10,,WIND_SPEED,m/sec,202504,2.1
29,沙鹿,14,,AMB_TEMP,℃,202504,23.8
29,沙鹿,33,,PM2.5,μg/m3,202504,19.8
29,沙鹿,38,,RH,%,202504,73
29,沙鹿,143,,WS_HR,m/sec,202504,1.2
30,大里,1,,SO2,ppb,202504,1.2
30,大里,2,,CO,ppm,202504,0.34
30,大里,3,,O3,ppb,202504,30
30,大里,4,,PM10,μg/m3,202504,40
30,大里,5,,NOx,ppb,202504,14.5
30,大里,6,,NO,ppb,202504,1.2
30,大里,7,,NO2,ppb,202504,13
30,大里,8,,THC,ppm,202504,2.31
30,大里,9,,NMHC,ppm,202504,0.1
30,大里,10,,WIND_SPEED,m/sec,202504,1.4
30,大里,14,,AMB_TEMP,℃,202504,24.4
30,大里,31,,CH4,ppm,202504,2.21
30,大里,33,,PM2.5,μg/m3,202504,20.6
30,大里,38,,RH,%,202504,78
30,大里,143,,WS_HR,m/sec,202504,1.1
31,忠明,1,,SO2,ppb,202504,1.5
31,忠明,2,,CO,ppm,202504,0.34
31,忠明,3,,O3,ppb,202504,31
31,忠明,4,,PM10,μg/m3,202504,41
31,忠明,5,,NOx,ppb,202504,14.1
31,忠明,6,,NO,ppb,202504,2.2
31,忠明,7,,NO2,ppb,202504,11
31,忠明,8,,THC,ppm,202504,2.19
31,忠明,9,,NMHC,ppm,202504,0.08
31,忠明,10,,WIND_SPEED,m/sec,202504,1.3
31,忠明,14,,AMB_TEMP,℃,202504,24.6
31,忠明,31,,CH4,ppm,202504,2.11
31,忠明,33,,PM2.5,μg/m3,202504,18.7
31,忠明,38,,RH,%,202504,70
31,忠明,143,,WS_HR,m/sec,202504,1
32,西屯,1,,SO2,ppb,202504,1.4
32,西屯,2,,CO,ppm,202504,0.28
32,西屯,3,,O3,ppb,202504,34
32,西屯,4,,PM10,μg/m3,202504,45
32,西屯,5,,NOx,ppb,202504,14.7
32,西屯,6,,NO,ppb,202504,2.2
32,西屯,7,,NO2,ppb,202504,12
32,西屯,8,,THC,ppm,202504,2.24
32,西屯,9,,NMHC,ppm,202504,0.11
32,西屯,10,,WIND_SPEED,m/sec,202504,1.8
32,西屯,14,,AMB_TEMP,℃,202504,24.3
32,西屯,31,,CH4,ppm,202504,2.12
32,西屯,33,,PM2.5,μg/m3,202504,19.8
32,西屯,38,,RH,%,202504,73
32,西屯,143,,WS_HR,m/sec,202504,1.5
33,彰化,1,,SO2,ppb,202504,1.2
33,彰化,2,,CO,ppm,202504,0.28
33,彰化,3,,O3,ppb,202504,34
33,彰化,4,,PM10,μg/m3,202504,39
33,彰化,5,,NOx,ppb,202504,11.1
33,彰化,6,,NO,ppb,202504,1.3
33,彰化,7,,NO2,ppb,202504,9
33,彰化,8,,THC,ppm,202504,2.2
33,彰化,9,,NMHC,ppm,202504,0.07
33,彰化,10,,WIND_SPEED,m/sec,202504,1.3
33,彰化,14,,AMB_TEMP,℃,202504,24.5
33,彰化,31,,CH4,ppm,202504,2.11
33,彰化,33,,PM2.5,μg/m3,202504,18.8
33,彰化,38,,RH,%,202504,70
33,彰化,143,,WS_HR,m/sec,202504,1
34,線西,1,,SO2,ppb,202504,1.5
34,線西,2,,CO,ppm,202504,0.25
34,線西,3,,O3,ppb,202504,42
34,線西,4,,PM10,μg/m3,202504,46
34,線西,5,,NOx,ppb,202504,9.5
34,線西,6,,NO,ppb,202504,1.1
34,線西,7,,NO2,ppb,202504,8
34,線西,8,,THC,ppm,202504,2.08
34,線西,9,,NMHC,ppm,202504,0.05
34,線西,10,,WIND_SPEED,m/sec,202504,2.5
34,線西,14,,AMB_TEMP,℃,202504,23.7
34,線西,31,,CH4,ppm,202504,2.02
34,線西,33,,PM2.5,μg/m3,202504,19.4
34,線西,38,,RH,%,202504,79
34,線西,143,,WS_HR,m/sec,202504,2.3
35,二林,1,,SO2,ppb,202504,1.9
35,二林,2,,CO,ppm,202504,0.25
35,二林,3,,O3,ppb,202504,39
35,二林,4,,PM10,μg/m3,202504,51
35,二林,5,,NOx,ppb,202504,7.4
35,二林,6,,NO,ppb,202504,0.9
35,二林,7,,NO2,ppb,202504,6
35,二林,8,,THC,ppm,202504,2.16
35,二林,9,,NMHC,ppm,202504,0.03
35,二林,10,,WIND_SPEED,m/sec,202504,2.1
35,二林,14,,AMB_TEMP,℃,202504,24
35,二林,31,,CH4,ppm,202504,2.12
35,二林,33,,PM2.5,μg/m3,202504,20
35,二林,38,,RH,%,202504,77
35,二林,143,,WS_HR,m/sec,202504,1.9
36,南投,1,,SO2,ppb,202504,1.3
36,南投,2,,CO,ppm,202504,0.27
36,南投,3,,O3,ppb,202504,32
36,南投,4,,PM10,μg/m3,202504,41
36,南投,5,,NOx,ppb,202504,10.2
36,南投,6,,NO,ppb,202504,1.2
36,南投,7,,NO2,ppb,202504,8
36,南投,8,,THC,ppm,202504,2.09
36,南投,9,,NMHC,ppm,202504,0.05
36,南投,10,,WIND_SPEED,m/sec,202504,1.1
36,南投,14,,AMB_TEMP,℃,202504,24.3
36,南投,31,,CH4,ppm,202504,2.02
36,南投,33,,PM2.5,μg/m3,202504,19.9
36,南投,38,,RH,%,202504,70
36,南投,143,,WS_HR,m/sec,202504,0.8
37,斗六,1,,SO2,ppb,202504,1.4
37,斗六,2,,CO,ppm,202504,0.27
37,斗六,3,,O3,ppb,202504,37
37,斗六,4,,PM10,μg/m3,202504,46
37,斗六,5,,NOx,ppb,202504,8.4
37,斗六,6,,NO,ppb,202504,1.2
37,斗六,7,,NO2,ppb,202504,7
37,斗六,8,,THC,ppm,202504,2.12
37,斗六,9,,NMHC,ppm,202504,0.04
37,斗六,10,,WIND_SPEED,m/sec,202504,1.5
37,斗六,14,,AMB_TEMP,℃,202504,24.4
37,斗六,31,,CH4,ppm,202504,2.06
37,斗六,33,,PM2.5,μg/m3,202504,22
37,斗六,38,,RH,%,202504,74
37,斗六,143,,WS_HR,m/sec,202504,1.2
38,崙背,1,,SO2,ppb,202504,1.4
38,崙背,2,,CO,ppm,202504,0.25
38,崙背,3,,O3,ppb,202504,36
38,崙背,4,,PM10,μg/m3,202504,51
38,崙背,5,,NOx,ppb,202504,7.9
38,崙背,6,,NO,ppb,202504,1.2
38,崙背,7,,NO2,ppb,202504,6
38,崙背,8,,THC,ppm,202504,2.38
38,崙背,9,,NMHC,ppm,202504,0.04
38,崙背,10,,WIND_SPEED,m/sec,202504,1.1
38,崙背,14,,AMB_TEMP,℃,202504,24.2
38,崙背,31,,CH4,ppm,202504,2.33
38,崙背,33,,PM2.5,μg/m3,202504,22.4
38,崙背,38,,RH,%,202504,75
38,崙背,143,,WS_HR,m/sec,202504,0.9
39,新港,1,,SO2,ppb,202504,2.1
39,新港,2,,CO,ppm,202504,0.24
39,新港,3,,O3,ppb,202504,37
39,新港,4,,PM10,μg/m3,202504,46
39,新港,5,,NOx,ppb,202504,8.5
39,新港,6,,NO,ppb,202504,0.8
39,新港,7,,NO2,ppb,202504,7
39,新港,10,,WIND_SPEED,m/sec,202504,1.7
39,新港,14,,AMB_TEMP,℃,202504,24.3
39,新港,33,,PM2.5,μg/m3,202504,20
39,新港,38,,RH,%,202504,79
39,新港,143,,WS_HR,m/sec,202504,1.5
40,朴子,1,,SO2,ppb,202504,0.9
40,朴子,2,,CO,ppm,202504,0.2
40,朴子,3,,O3,ppb,202504,38
40,朴子,4,,PM10,μg/m3,202504,46
40,朴子,5,,NOx,ppb,202504,7
40,朴子,6,,NO,ppb,202504,0.7
40,朴子,7,,NO2,ppb,202504,6
40,朴子,10,,WIND_SPEED,m/sec,202504,1.2
40,朴子,14,,AMB_TEMP,℃,202504,24.5
40,朴子,33,,PM2.5,μg/m3,202504,21.3
40,朴子,38,,RH,%,202504,78
40,朴子,143,,WS_HR,m/sec,202504,0.9
41,臺西,1,,SO2,ppb,202504,1.3
41,臺西,2,,CO,ppm,202504,0.22
41,臺西,3,,O3,ppb,202504,42
41,臺西,4,,PM10,μg/m3,202504,49
41,臺西,5,,NOx,ppb,202504,6.1
41,臺西,6,,NO,ppb,202504,0.4
41,臺西,7,,NO2,ppb,202504,5
41,臺西,8,,THC,ppm,202504,2.24
41,臺西,9,,NMHC,ppm,202504,0.02
41,臺西,10,,WIND_SPEED,m/sec,202504,2.9
41,臺西,14,,AMB_TEMP,℃,202504,24.2
41,臺西,31,,CH4,ppm,202504,2.22
41,臺西,33,,PM2.5,μg/m3,202504,18.2
41,臺西,38,,RH,%,202504,78
41,臺西,143,,WS_HR,m/sec,202504,2.5
42,嘉義,1,,SO2,ppb,202504,1.9
42,嘉義,2,,CO,ppm,202504,0.26
42,嘉義,3,,O3,ppb,202504,36
42,嘉義,4,,PM10,μg/m3,202504,42
42,嘉義,5,,NOx,ppb,202504,8.3
42,嘉義,6,,NO,ppb,202504,0.9
42,嘉義,7,,NO2,ppb,202504,7
42,嘉義,8,,THC,ppm,202504,2.11
42,嘉義,9,,NMHC,ppm,202504,0.04
42,嘉義,10,,WIND_SPEED,m/sec,202504,1.8
42,嘉義,14,,AMB_TEMP,℃,202504,25.1
42,嘉義,31,,CH4,ppm,202504,2.06
42,嘉義,33,,PM2.5,μg/m3,202504,19.5
42,嘉義,38,,RH,%,202504,67
42,嘉義,143,,WS_HR,m/sec,202504,1.5
43,新營,1,,SO2,ppb,202504,0.8
43,新營,2,,CO,ppm,202504,0.27
43,新營,3,,O3,ppb,202504,36
43,新營,4,,PM10,μg/m3,202504,45
43,新營,5,,NOx,ppb,202504,9.6
43,新營,6,,NO,ppb,202504,1.3
43,新營,7,,NO2,ppb,202504,8
43,新營,8,,THC,ppm,202504,2.31
43,新營,9,,NMHC,ppm,202504,0.02
43,新營,10,,WIND_SPEED,m/sec,202504,1.5
43,新營,14,,AMB_TEMP,℃,202504,24.9
43,新營,31,,CH4,ppm,202504,2.29
43,新營,33,,PM2.5,μg/m3,202504,19.9
43,新營,38,,RH,%,202504,73
43,新營,143,,WS_HR,m/sec,202504,1.3
44,善化,1,,SO2,ppb,202504,1.3
44,善化,2,,CO,ppm,202504,0.22
44,善化,3,,O3,ppb,202504,33
44,善化,4,,PM10,μg/m3,202504,43
44,善化,5,,NOx,ppb,202504,9.5
44,善化,6,,NO,ppb,202504,1.3
44,善化,7,,NO2,ppb,202504,8
44,善化,10,,WIND_SPEED,m/sec,202504,1.8
44,善化,14,,AMB_TEMP,℃,202504,24.2
44,善化,33,,PM2.5,μg/m3,202504,20.3
44,善化,38,,RH,%,202504,77
44,善化,143,,WS_HR,m/sec,202504,1.7
45,安南,1,,SO2,ppb,202504,0.9
45,安南,2,,CO,ppm,202504,0.28
45,安南,3,,O3,ppb,202504,38
45,安南,4,,PM10,μg/m3,202504,46
45,安南,5,,NOx,ppb,202504,9.9
45,安南,6,,NO,ppb,202504,1.3
45,安南,7,,NO2,ppb,202504,8
45,安南,8,,THC,ppm,202504,2.18
45,安南,9,,NMHC,ppm,202504,0.07
45,安南,10,,WIND_SPEED,m/sec,202504,2
45,安南,14,,AMB_TEMP,℃,202504,25.7
45,安南,31,,CH4,ppm,202504,2.11
45,安南,33,,PM2.5,μg/m3,202504,20.8
45,安南,38,,RH,%,202504,68
45,安南,143,,WS_HR,m/sec,202504,1.8
46,臺南,1,,SO2,ppb,202504,0.9
46,臺南,2,,CO,ppm,202504,0.26
46,臺南,3,,O3,ppb,202504,39
46,臺南,4,,PM10,μg/m3,202504,45
46,臺南,5,,NOx,ppb,202504,10.8
46,臺南,6,,NO,ppb,202504,0.9
46,臺南,7,,NO2,ppb,202504,9
46,臺南,8,,THC,ppm,202504,2.1
46,臺南,9,,NMHC,ppm,202504,0.04
46,臺南,10,,WIND_SPEED,m/sec,202504,2
46,臺南,14,,AMB_TEMP,℃,202504,25.5
46,臺南,31,,CH4,ppm,202504,2.04
46,臺南,33,,PM2.5,μg/m3,202504,19.1
46,臺南,38,,RH,%,202504,69
46,臺南,143,,WS_HR,m/sec,202504,1.7
47,美濃,1,,SO2,ppb,202504,0.8
47,美濃,2,,CO,ppm,202504,0.25
47,美濃,3,,O3,ppb,202504,37
47,美濃,4,,PM10,μg/m3,202504,35
47,美濃,5,,NOx,ppb,202504,6.2
47,美濃,6,,NO,ppb,202504,0.8
47,美濃,7,,NO2,ppb,202504,5
47,美濃,10,,WIND_SPEED,m/sec,202504,1
47,美濃,14,,AMB_TEMP,℃,202504,25.4
47,美濃,33,,PM2.5,μg/m3,202504,16.7
47,美濃,38,,RH,%,202504,73
47,美濃,143,,WS_HR,m/sec,202504,0.7
48,橋頭,1,,SO2,ppb,202504,1.3
48,橋頭,2,,CO,ppm,202504,0.26
48,橋頭,3,,O3,ppb,202504,35
48,橋頭,4,,PM10,μg/m3,202504,44
48,橋頭,5,,NOx,ppb,202504,11.5
48,橋頭,6,,NO,ppb,202504,1.3
48,橋頭,7,,NO2,ppb,202504,10
48,橋頭,8,,THC,ppm,202504,2.16
48,橋頭,9,,NMHC,ppm,202504,0.06
48,橋頭,10,,WIND_SPEED,m/sec,202504,2.1
48,橋頭,14,,AMB_TEMP,℃,202504,25.4
48,橋頭,31,,CH4,ppm,202504,2.1
48,橋頭,33,,PM2.5,μg/m3,202504,21.2
48,橋頭,38,,RH,%,202504,68
48,橋頭,143,,WS_HR,m/sec,202504,1.9
49,仁武,1,,SO2,ppb,202504,1.4
49,仁武,2,,CO,ppm,202504,0.28
49,仁武,3,,O3,ppb,202504,37
49,仁武,4,,PM10,μg/m3,202504,44
49,仁武,5,,NOx,ppb,202504,13.2
49,仁武,6,,NO,ppb,202504,1.4
49,仁武,7,,NO2,ppb,202504,11
49,仁武,8,,THC,ppm,202504,2.11
49,仁武,9,,NMHC,ppm,202504,0.07
49,仁武,10,,WIND_SPEED,m/sec,202504,2
49,仁武,14,,AMB_TEMP,℃,202504,25.4
49,仁武,31,,CH4,ppm,202504,2.02
49,仁武,33,,PM2.5,μg/m3,202504,19.6
49,仁武,38,,RH,%,202504,71
49,仁武,143,,WS_HR,m/sec,202504,1.7
50,鳳山,1,,SO2,ppb,202504,1.6
50,鳳山,2,,CO,ppm,202504,0.42
50,鳳山,3,,O3,ppb,202504,35
50,鳳山,4,,PM10,μg/m3,202504,45
50,鳳山,5,,NOx,ppb,202504,14.3
50,鳳山,6,,NO,ppb,202504,1.6
50,鳳山,7,,NO2,ppb,202504,12
50,鳳山,8,,THC,ppm,202504,2.22
50,鳳山,9,,NMHC,ppm,202504,0.09
50,鳳山,10,,WIND_SPEED,m/sec,202504,0.8
50,鳳山,14,,AMB_TEMP,℃,202504,26.9
50,鳳山,31,,CH4,ppm,202504,2.12
50,鳳山,33,,PM2.5,μg/m3,202504,22.2
50,鳳山,38,,RH,%,202504,66
50,鳳山,143,,WS_HR,m/sec,202504,0.5
51,大寮,1,,SO2,ppb,202504,2.2
51,大寮,2,,CO,ppm,202504,0.28
51,大寮,3,,O3,ppb,202504,33
51,大寮,4,,PM10,μg/m3,202504,46
51,大寮,5,,NOx,ppb,202504,11.4
51,大寮,6,,NO,ppb,202504,1.2
51,大寮,7,,NO2,ppb,202504,10
51,大寮,8,,THC,ppm,202504,2.17
51,大寮,9,,NMHC,ppm,202504,0.05
51,大寮,10,,WIND_SPEED,m/sec,202504,1.5
51,大寮,14,,AMB_TEMP,℃,202504,26
51,大寮,31,,CH4,ppm,202504,2.12
51,大寮,33,,PM2.5,μg/m3,202504,20.1
51,大寮,38,,RH,%,202504,71
51,大寮,143,,WS_HR,m/sec,202504,1.2
52,林園,1,,SO2,ppb,202504,1.6
52,林園,2,,CO,ppm,202504,0.26
52,林園,3,,O3,ppb,202504,35
52,林園,4,,PM10,μg/m3,202504,47
52,林園,5,,NOx,ppb,202504,9.3
52,林園,6,,NO,ppb,202504,1
52,林園,7,,NO2,ppb,202504,8
52,林園,8,,THC,ppm,202504,2.18
52,林園,9,,NMHC,ppm,202504,0.07
52,林園,10,,WIND_SPEED,m/sec,202504,1.9
52,林園,14,,AMB_TEMP,℃,202504,26
52,林園,31,,CH4,ppm,202504,2.11
52,林園,33,,PM2.5,μg/m3,202504,20.4
52,林園,38,,RH,%,202504,73
52,林園,143,,WS_HR,m/sec,202504,1.7
53,楠梓,1,,SO2,ppb,202504,1.3
53,楠梓,2,,CO,ppm,202504,0.28
53,楠梓,3,,O3,ppb,202504,33
53,楠梓,4,,PM10,μg/m3,202504,50
53,楠梓,5,,NOx,ppb,202504,13.6
53,楠梓,6,,NO,ppb,202504,1.6
53,楠梓,7,,NO2,ppb,202504,11
53,楠梓,8,,THC,ppm,202504,2.18
53,楠梓,9,,NMHC,ppm,202504,0.07
53,楠梓,10,,WIND_SPEED,m/sec,202504,1.5
53,楠梓,14,,AMB_TEMP,℃,202504,25.7
53,楠梓,31,,CH4,ppm,202504,2.11
53,楠梓,33,,PM2.5,μg/m3,202504,19.8
53,楠梓,38,,RH,%,202504,68
53,楠梓,143,,WS_HR,m/sec,202504,1.2
54,左營,1,,SO2,ppb,202504,1
54,左營,2,,CO,ppm,202504,0.28
54,左營,3,,O3,ppb,202504,37
54,左營,4,,PM10,μg/m3,202504,42
54,左營,5,,NOx,ppb,202504,10.4
54,左營,6,,NO,ppb,202504,1
54,左營,7,,NO2,ppb,202504,9
54,左營,8,,THC,ppm,202504,2.06
54,左營,9,,NMHC,ppm,202504,0.06
54,左營,10,,WIND_SPEED,m/sec,202504,2.1
54,左營,14,,AMB_TEMP,℃,202504,25.8
54,左營,31,,CH4,ppm,202504,2
54,左營,33,,PM2.5,μg/m3,202504,19
54,左營,38,,RH,%,202504,71
54,左營,143,,WS_HR,m/sec,202504,1.8
56,前金,1,,SO2,ppb,202504,0.9
56,前金,2,,CO,ppm,202504,0.27
56,前金,3,,O3,ppb,202504,38
56,前金,4,,PM10,μg/m3,202504,45
56,前金,5,,NOx,ppb,202504,11.9
56,前金,6,,NO,ppb,202504,1.8
56,前金,7,,NO2,ppb,202504,10
56,前金,8,,THC,ppm,202504,2.02
56,前金,9,,NMHC,ppm,202504,0.04
56,前金,10,,WIND_SPEED,m/sec,202504,2.2
56,前金,14,,AMB_TEMP,℃,202504,26
56,前金,31,,CH4,ppm,202504,1.98
56,前金,33,,PM2.5,μg/m3,202504,17.1
56,前金,38,,RH,%,202504,71
56,前金,143,,WS_HR,m/sec,202504,2
57,前鎮,1,,SO2,ppb,202504,1.7
57,前鎮,2,,CO,ppm,202504,0.31
57,前鎮,3,,O3,ppb,202504,37
57,前鎮,4,,PM10,μg/m3,202504,43
57,前鎮,5,,NOx,ppb,202504,13.9
57,前鎮,6,,NO,ppb,202504,1.9
57,前鎮,7,,NO2,ppb,202504,11
57,前鎮,8,,THC,ppm,202504,2.14
57,前鎮,9,,NMHC,ppm,202504,0.07
57,前鎮,10,,WIND_SPEED,m/sec,202504,1.5
57,前鎮,14,,AMB_TEMP,℃,202504,25.9
57,前鎮,31,,CH4,ppm,202504,2.06
57,前鎮,33,,PM2.5,μg/m3,202504,17.7
57,前鎮,38,,RH,%,202504,70
57,前鎮,143,,WS_HR,m/sec,202504,1.2
58,小港,1,,SO2,ppb,202504,1.7
58,小港,2,,CO,ppm,202504,0.27
58,小港,3,,O3,ppb,202504,33
58,小港,4,,PM10,μg/m3,202504,40
58,小港,5,,NOx,ppb,202504,15.9
58,小港,6,,NO,ppb,202504,2
58,小港,7,,NO2,ppb,202504,13
58,小港,8,,THC,ppm,202504,2.14
58,小港,9,,NMHC,ppm,202504,0.06
58,小港,10,,WIND_SPEED,m/sec,202504,2
58,小港,14,,AMB_TEMP,℃,202504,26.2
58,小港,31,,CH4,ppm,202504,2.06
58,小港,33,,PM2.5,μg/m3,202504,19.2
58,小港,38,,RH,%,202504,69
58,小港,143,,WS_HR,m/sec,202504,1.7
59,屏東,1,,SO2,ppb,202504,1.2
59,屏東,2,,CO,ppm,202504,0.28
59,屏東,3,,O3,ppb,202504,38
59,屏東,4,,PM10,μg/m3,202504,46
59,屏東,5,,NOx,ppb,202504,9.5
59,屏東,6,,NO,ppb,202504,0.9
59,屏東,7,,NO2,ppb,202504,8
59,屏東,8,,THC,ppm,202504,2.16
59,屏東,9,,NMHC,ppm,202504,0.03
59,屏東,10,,WIND_SPEED,m/sec,202504,1.6
59,屏東,14,,AMB_TEMP,℃,202504,26.4
59,屏東,31,,CH4,ppm,202504,2.12
59,屏東,33,,PM2.5,μg/m3,202504,19.2
59,屏東,38,,RH,%,202504,68
59,屏東,143,,WS_HR,m/sec,202504,1.3
60,潮州,1,,SO2,ppb,202504,0.8
60,潮州,2,,CO,ppm,202504,0.23
60,潮州,3,,O3,ppb,202504,36
60,潮州,4,,PM10,μg/m3,202504,40
60,潮州,5,,NOx,ppb,202504,7.4
60,潮州,6,,NO,ppb,202504,0.6
60,潮州,7,,NO2,ppb,202504,6
60,潮州,8,,THC,ppm,202504,2.19
60,潮州,9,,NMHC,ppm,202504,0.03
60,潮州,10,,WIND_SPEED,m/sec,202504,1.8
60,潮州,14,,AMB_TEMP,℃,202504,25.7
60,潮州,31,,CH4,ppm,202504,2.15
60,潮州,33,,PM2.5,μg/m3,202504,18.2
60,潮州,38,,RH,%,202504,70
60,潮州,143,,WS_HR,m/sec,202504,1.6
61,恆春,1,,SO2,ppb,202504,0.7
61,恆春,2,,CO,ppm,202504,0.16
61,恆春,3,,O3,ppb,202504,47
61,恆春,4,,PM10,μg/m3,202504,25
61,恆春,5,,NOx,ppb,202504,1.7
61,恆春,6,,NO,ppb,202504,0.7
61,恆春,7,,NO2,ppb,202504,0
61,恆春,10,,WIND_SPEED,m/sec,202504,4.8
61,恆春,14,,AMB_TEMP,℃,202504,25
61,恆春,33,,PM2.5,μg/m3,202504,9
61,恆春,38,,RH,%,202504,76
61,恆春,143,,WS_HR,m/sec,202504,4.5
62,臺東,1,,SO2,ppb,202504,0.7
62,臺東,2,,CO,ppm,202504,0.2
62,臺東,3,,O3,ppb,202504,41
62,臺東,4,,PM10,μg/m3,202504,29
62,臺東,5,,NOx,ppb,202504,4.8
62,臺東,6,,NO,ppb,202504,1.1
62,臺東,7,,NO2,ppb,202504,3
62,臺東,8,,THC,ppm,202504,2.02
62,臺東,9,,NMHC,ppm,202504,0.01
62,臺東,10,,WIND_SPEED,m/sec,202504,1.5
62,臺東,14,,AMB_TEMP,℃,202504,24.1
62,臺東,31,,CH4,ppm,202504,2
62,臺東,33,,PM2.5,μg/m3,202504,9.7
62,臺東,38,,RH,%,202504,77
62,臺東,143,,WS_HR,m/sec,202504,1.2
63,花蓮,1,,SO2,ppb,202504,0.6
63,花蓮,2,,CO,ppm,202504,0.25
63,花蓮,3,,O3,ppb,202504,39
63,花蓮,4,,PM10,μg/m3,202504,29
63,花蓮,5,,NOx,ppb,202504,5.5
63,花蓮,6,,NO,ppb,202504,0.7
63,花蓮,7,,NO2,ppb,202504,4
63,花蓮,8,,THC,ppm,202504,1.99
63,花蓮,9,,NMHC,ppm,202504,0.01
63,花蓮,10,,WIND_SPEED,m/sec,202504,1.7
63,花蓮,14,,AMB_TEMP,℃,202504,23.3
63,花蓮,31,,CH4,ppm,202504,1.98
63,花蓮,33,,PM2.5,μg/m3,202504,10.4
63,花蓮,38,,RH,%,202504,78
63,花蓮,143,,WS_HR,m/sec,202504,1.4
64,陽明,1,,SO2,ppb,202504,1
64,陽明,2,,CO,ppm,202504,0.22
64,陽明,3,,O3,ppb,202504,56
64,陽明,4,,PM10,μg/m3,202504,32
64,陽明,5,,NOx,ppb,202504,3.3
64,陽明,6,,NO,ppb,202504,0.5
64,陽明,7,,NO2,ppb,202504,2
64,陽明,10,,WIND_SPEED,m/sec,202504,2.3
64,陽明,14,,AMB_TEMP,℃,202504,16.7
64,陽明,33,,PM2.5,μg/m3,202504,12.3
64,陽明,38,,RH,%,202504,85
65,宜蘭,1,,SO2,ppb,202504,0.7
65,宜蘭,2,,CO,ppm,202504,0.23
65,宜蘭,3,,O3,ppb,202504,41
65,宜蘭,4,,PM10,μg/m3,202504,29
65,宜蘭,5,,NOx,ppb,202504,5
65,宜蘭,6,,NO,ppb,202504,0.6
65,宜蘭,7,,NO2,ppb,202504,4
65,宜蘭,8,,THC,ppm,202504,2.06
65,宜蘭,9,,NMHC,ppm,202504,0.01
65,宜蘭,10,,WIND_SPEED,m/sec,202504,1.3
65,宜蘭,14,,AMB_TEMP,℃,202504,23
65,宜蘭,31,,CH4,ppm,202504,2.04
65,宜蘭,33,,PM2.5,μg/m3,202504,13.1
65,宜蘭,38,,RH,%,202504,75
65,宜蘭,143,,WS_HR,m/sec,202504,0.9
66,冬山,1,,SO2,ppb,202504,0.4
66,冬山,2,,CO,ppm,202504,0.25
66,冬山,3,,O3,ppb,202504,38
66,冬山,4,,PM10,μg/m3,202504,33
66,冬山,5,,NOx,ppb,202504,7.6
66,冬山,6,,NO,ppb,202504,1.2
66,冬山,7,,NO2,ppb,202504,6
66,冬山,10,,WIND_SPEED,m/sec,202504,1.3
66,冬山,14,,AMB_TEMP,℃,202504,22.8
66,冬山,33,,PM2.5,μg/m3,202504,12.7
66,冬山,38,,RH,%,202504,78
66,冬山,143,,WS_HR,m/sec,202504,1
67,三重,1,,SO2,ppb,202504,1
67,三重,2,,CO,ppm,202504,0.83
67,三重,3,,O3,ppb,202504,20
67,三重,4,,PM10,μg/m3,202504,44
67,三重,5,,NOx,ppb,202504,69.7
67,三重,6,,NO,ppb,202504,33.4
67,三重,7,,NO2,ppb,202504,36
67,三重,8,,THC,ppm,202504,2.5
67,三重,9,,NMHC,ppm,202504,0.23
67,三重,14,,AMB_TEMP,℃,202504,23.4
67,三重,31,,CH4,ppm,202504,2.27
67,三重,33,,PM2.5,μg/m3,202504,21.3
67,三重,38,,RH,%,202504,70
68,中壢,1,,SO2,ppb,202504,0.9
68,中壢,2,,CO,ppm,202504,0.75
68,中壢,3,,O3,ppb,202504,28
68,中壢,4,,PM10,μg/m3,202504,45
68,中壢,5,,NOx,ppb,202504,42.4
68,中壢,6,,NO,ppb,202504,16.4
68,中壢,7,,NO2,ppb,202504,25
68,中壢,8,,THC,ppm,202504,2.31
68,中壢,9,,NMHC,ppm,202504,0.19
68,中壢,10,,WIND_SPEED,m/sec,202504,0.6
68,中壢,14,,AMB_TEMP,℃,202504,22.3
68,中壢,31,,CH4,ppm,202504,2.11
68,中壢,33,,PM2.5,μg/m3,202504,21
68,中壢,38,,RH,%,202504,74
68,中壢,143,,WS_HR,m/sec,202504,0.2
69,竹山,1,,SO2,ppb,202504,1.1
69,竹山,2,,CO,ppm,202504,0.23
69,竹山,3,,O3,ppb,202504,33
69,竹山,4,,PM10,μg/m3,202504,41
69,竹山,5,,NOx,ppb,202504,8.4
69,竹山,6,,NO,ppb,202504,1
69,竹山,7,,NO2,ppb,202504,7
69,竹山,8,,THC,ppm,202504,2.09
69,竹山,9,,NMHC,ppm,202504,0.03
69,竹山,10,,WIND_SPEED,m/sec,202504,1.3
69,竹山,14,,AMB_TEMP,℃,202504,23.6
69,竹山,31,,CH4,ppm,202504,2.04
69,竹山,33,,PM2.5,μg/m3,202504,20.3
69,竹山,38,,RH,%,202504,76
69,竹山,143,,WS_HR,m/sec,202504,1
70,永和,1,,SO2,ppb,202504,0.6
70,永和,2,,CO,ppm,202504,0.56
70,永和,3,,O3,ppb,202504,35
70,永和,4,,PM10,μg/m3,202504,36
70,永和,5,,NOx,ppb,202504,23
70,永和,6,,NO,ppb,202504,5.2
70,永和,7,,NO2,ppb,202504,17
70,永和,8,,THC,ppm,202504,2.17
70,永和,9,,NMHC,ppm,202504,0.13
70,永和,10,,WIND_SPEED,m/sec,202504,1.2
70,永和,14,,AMB_TEMP,℃,202504,23.1
70,永和,31,,CH4,ppm,202504,2.02
70,永和,33,,PM2.5,μg/m3,202504,19.2
70,永和,38,,RH,%,202504,73
70,永和,143,,WS_HR,m/sec,202504,0.8
71,復興,1,,SO2,ppb,202504,1
71,復興,2,,CO,ppm,202504,0.3
71,復興,3,,O3,ppb,202504,37
71,復興,4,,PM10,μg/m3,202504,40
71,復興,5,,NOx,ppb,202504,13
71,復興,6,,NO,ppb,202504,1.7
71,復興,7,,NO2,ppb,202504,11
71,復興,8,,THC,ppm,202504,2.14
71,復興,9,,NMHC,ppm,202504,0.09
71,復興,10,,WIND_SPEED,m/sec,202504,0.9
71,復興,14,,AMB_TEMP,℃,202504,25.9
71,復興,31,,CH4,ppm,202504,2.04
71,復興,33,,PM2.5,μg/m3,202504,18.2
71,復興,38,,RH,%,202504,69
71,復興,143,,WS_HR,m/sec,202504,0.5
72,埔里,1,,SO2,ppb,202504,1
72,埔里,2,,CO,ppm,202504,0.27
72,埔里,3,,O3,ppb,202504,26
72,埔里,4,,PM10,μg/m3,202504,33
72,埔里,5,,NOx,ppb,202504,6.7
72,埔里,6,,NO,ppb,202504,1.5
72,埔里,7,,NO2,ppb,202504,5
72,埔里,8,,THC,ppm,202504,2.14
72,埔里,9,,NMHC,ppm,202504,0.05
72,埔里,10,,WIND_SPEED,m/sec,202504,1
72,埔里,14,,AMB_TEMP,℃,202504,22.5
72,埔里,31,,CH4,ppm,202504,2.09
72,埔里,33,,PM2.5,μg/m3,202504,17.8
72,埔里,38,,RH,%,202504,77
72,埔里,143,,WS_HR,m/sec,202504,0.8
75,馬祖,1,,SO2,ppb,202504,1.1
75,馬祖,2,,CO,ppm,202504,0.27
75,馬祖,3,,O3,ppb,202504,54
75,馬祖,4,,PM10,μg/m3,202504,54
75,馬祖,5,,NOx,ppb,202504,7.3
75,馬祖,6,,NO,ppb,202504,0.7
75,馬祖,7,,NO2,ppb,202504,6
75,馬祖,8,,THC,ppm,202504,2.02
75,馬祖,9,,NMHC,ppm,202504,0.02
75,馬祖,10,,WIND_SPEED,m/sec,202504,2
75,馬祖,14,,AMB_TEMP,℃,202504,18.3
75,馬祖,31,,CH4,ppm,202504,1.99
75,馬祖,33,,PM2.5,μg/m3,202504,23.1
75,馬祖,38,,RH,%,202504,86
75,馬祖,143,,WS_HR,m/sec,202504,1.6
77,金門,1,,SO2,ppb,202504,1.4
77,金門,2,,CO,ppm,202504,0.27
77,金門,3,,O3,ppb,202504,46
77,金門,4,,PM10,μg/m3,202504,52
77,金門,5,,NOx,ppb,202504,12.2
77,金門,6,,NO,ppb,202504,1.5
77,金門,7,,NO2,ppb,202504,10
77,金門,8,,THC,ppm,202504,2.06
77,金門,9,,NMHC,ppm,202504,0.04
77,金門,10,,WIND_SPEED,m/sec,202504,1.5
77,金門,14,,AMB_TEMP,℃,202504,21
77,金門,31,,CH4,ppm,202504,2.02
77,金門,33,,PM2.5,μg/m3,202504,25.1
77,金門,38,,RH,%,202504,75
77,金門,143,,WS_HR,m/sec,202504,1.2
78,馬公,1,,SO2,ppb,202504,0.7
78,馬公,2,,CO,ppm,202504,0.19
78,馬公,3,,O3,ppb,202504,54
78,馬公,4,,PM10,μg/m3,202504,42
78,馬公,5,,NOx,ppb,202504,3.9
78,馬公,6,,NO,ppb,202504,0.7
78,馬公,7,,NO2,ppb,202504,3
78,馬公,8,,THC,ppm,202504,1.94
78,馬公,9,,NMHC,ppm,202504,0
78,馬公,10,,WIND_SPEED,m/sec,202504,2.8
78,馬公,14,,AMB_TEMP,℃,202504,24.3
78,馬公,31,,CH4,ppm,202504,1.95
78,馬公,33,,PM2.5,μg/m3,202504,16.2
78,馬公,38,,RH,%,202504,79
78,馬公,143,,WS_HR,m/sec,202504,2.4
80,關山,1,,SO2,ppb,202504,0.6
80,關山,2,,CO,ppm,202504,0.17
80,關山,3,,O3,ppb,202504,36
80,關山,4,,PM10,μg/m3,202504,24
80,關山,5,,NOx,ppb,202504,3.8
80,關山,6,,NO,ppb,202504,0.8
80,關山,7,,NO2,ppb,202504,2
80,關山,10,,WIND_SPEED,m/sec,202504,1.5
80,關山,14,,AMB_TEMP,℃,202504,23.1
80,關山,33,,PM2.5,μg/m3,202504,11.1
80,關山,38,,RH,%,202504,74
80,關山,143,,WS_HR,m/sec,202504,1.1
83,麥寮,1,,SO2,ppb,202504,1.7
83,麥寮,2,,CO,ppm,202504,0.24
83,麥寮,3,,O3,ppb,202504,40
83,麥寮,4,,PM10,μg/m3,202504,47
83,麥寮,5,,NOx,ppb,202504,7.5
83,麥寮,6,,NO,ppb,202504,1.4
83,麥寮,7,,NO2,ppb,202504,6
83,麥寮,8,,THC,ppm,202504,2.36
83,麥寮,9,,NMHC,ppm,202504,0.03
83,麥寮,10,,WIND_SPEED,m/sec,202504,2.4
83,麥寮,14,,AMB_TEMP,℃,202504,24
83,麥寮,31,,CH4,ppm,202504,2.33
83,麥寮,33,,PM2.5,μg/m3,202504,19.4
83,麥寮,38,,RH,%,202504,76
83,麥寮,143,,WS_HR,m/sec,202504,2.1
84,富貴角,1,,SO2,ppb,202504,0.5
84,富貴角,2,,CO,ppm,202504,0.17
84,富貴角,3,,O3,ppb,202504,57
84,富貴角,4,,PM10,μg/m3,202504,44
84,富貴角,5,,NOx,ppb,202504,2.6
84,富貴角,6,,NO,ppb,202504,0.1
84,富貴角,7,,NO2,ppb,202504,2
84,富貴角,8,,THC,ppm,202504,2.02
84,富貴角,9,,NMHC,ppm,202504,0.01
84,富貴角,10,,WIND_SPEED,m/sec,202504,4
84,富貴角,14,,AMB_TEMP,℃,202504,21.6
84,富貴角,31,,CH4,ppm,202504,2
84,富貴角,33,,PM2.5,μg/m3,202504,16.2
84,富貴角,38,,RH,%,202504,81
84,富貴角,143,,WS_HR,m/sec,202504,3.9
85,大城,1,,SO2,ppb,202504,1.3
85,大城,2,,CO,ppm,202504,0.21
85,大城,3,,O3,ppb,202504,44
85,大城,4,,PM10,μg/m3,202504,46
85,大城,5,,NOx,ppb,202504,6.5
85,大城,6,,NO,ppb,202504,1.3
85,大城,7,,NO2,ppb,202504,5
85,大城,8,,THC,ppm,202504,2.31
85,大城,9,,NMHC,ppm,202504,0.01
85,大城,10,,WIND_SPEED,m/sec,202504,1.2
85,大城,14,,AMB_TEMP,℃,202504,23.9
85,大城,31,,CH4,ppm,202504,2.29
85,大城,33,,PM2.5,μg/m3,202504,20.2
85,大城,38,,RH,%,202504,78
85,大城,143,,WS_HR,m/sec,202504,1
139,員林,1,,SO2,ppb,202504,1.6
139,員林,2,,CO,ppm,202504,0.3
139,員林,3,,O3,ppb,202504,38
139,員林,4,,PM10,μg/m3,202504,44
139,員林,5,,NOx,ppb,202504,10.2
139,員林,6,,NO,ppb,202504,1.5
139,員林,7,,NO2,ppb,202504,8
139,員林,8,,THC,ppm,202504,2.21
139,員林,9,,NMHC,ppm,202504,0.1
139,員林,10,,WIND_SPEED,m/sec,202504,1.7
139,員林,14,,AMB_TEMP,℃,202504,
139,員林,31,,CH4,ppm,202504,2.1
139,員林,33,,PM2.5,μg/m3,202504,20.9
139,員林,38,,RH,%,202504,
139,員林,143,,WS_HR,m/sec,202504,
